{"cameraMode":{"drawMode":0,"name":"Shaded","section":"Shading Mode"},"sceneLighting":false,"audioPlay":false,"sceneViewState":{"showFog":true,"showMaterialUpdate":false,"showSkybox":true,"showFlares":true,"showImageEffects":true,"showParticleSystems":true},"in2DMode":false,"pivot":{"x":-0.0033464282751083376,"y":0.20750246942043305,"z":-0.3721191883087158},"rotation":{"x":-0.24655631184577943,"y":-0.1110578402876854,"z":0.028455005958676339,"w":-0.9623234868049622},"size":0.7405053377151489,"orthographic":false}