{"cameraMode":{"drawMode":0,"name":"Shaded","section":"Shading Mode"},"sceneLighting":true,"audioPlay":false,"sceneViewState":{"showFog":true,"showMaterialUpdate":true,"showSkybox":true,"showFlares":true,"showImageEffects":true,"showParticleSystems":true},"in2DMode":false,"pivot":{"x":-0.7088044881820679,"y":-10.54371452331543,"z":22.661222457885743},"rotation":{"x":0.1778661608695984,"y":-0.008556120097637177,"z":0.0015466840704903007,"w":0.9840163588523865},"size":23.350297927856447,"orthographic":false}